utorid,fname,lname,email,Course1,Course2,Course3,Course4,Course5,Course6
alan,Alan,Rosselete,a@gmail.com,BIOB10Y3;LEC01;TUT0001;,,,,,
paco,Paco,Estrada,p@gmail.com,BIOB33H3;LEC01;PRA0001;,BIOB11H3;LEC01;TUT0001;,,,,
jaudat,Jaudat,Syed,j@gmail.com,,,,,,
mohammad,Mohammad,Bashir,m@gmail.com,,,,,,
waqas,Waqas,Nawaz,w@gmail.com,,,,,,
neil,Neil,Mendonca,n@gmail.com,,,,,,
azmi,Mohammad,Azmi,ma@gmail.com,,,,,,
theirry,Thierry,Henry,t@gmail.com,,,,,,
lionel,Lionel,Messi,ml@gmail.com,,,,,,
